url	company	role	source	scan_date	liveness	selected	cv_status	cv_date	notes
https://boards.greenhouse.io/upstart/jobs/7778782	Upstart	Staff Data Analyst, Servicing	greenhouse-api	2026-04-15	unchecked				light_score:3.25
https://boards.greenhouse.io/samsara/jobs/7592390	Samsara	Enterprise Sales Operations and Strategy Analyst	greenhouse-api	2026-04-15	unchecked				light_score:2.50
https://boards.greenhouse.io/stripe/jobs/7543679	Stripe	Technical Partner Manager - Networks	greenhouse-api	2026-04-15	unchecked				light_score:3.50
https://boards.greenhouse.io/klaviyo/jobs/5031371003	Klaviyo	Partner Manager (Agency Partnerships)	greenhouse-api	2026-04-15	unchecked				light_score:3.10
https://jobs.lever.co/zensurance/251efff2-53dd-401f-acc2-86b1c65ba7b7	Zensurance	Senior FP&A Analyst (Remote First)	lever-api	2026-04-15	unchecked				light_score:4.25
https://jobs.lever.co/nava/f6acbe27-62e4-42de-820f-6ae8c0dadcd8	Nava	Financial Analyst	lever-api	2026-04-15	unchecked				light_score:4.00
https://jobs.lever.co/nextech/3cd4eccb-5ecd-416c-ba55-af347d1d8f8d	Nextech	Senior FP&A Analyst (Remote)	lever-api	2026-04-15	unchecked				light_score:4.50
https://jobs.lever.co/olo/27445a3b-7110-4622-8138-114cb81a901e	Olo	Senior Financial Analyst	lever-api	2026-04-15	unchecked				light_score:3.90
https://jobs.lever.co/swordhealth/50f0de15-dc1d-4099-9228-0cd4d0c64eb3	Sword Health	Head of Commercial Strategy	lever-api	2026-04-15	unchecked				light_score:3.00
https://jobs.lever.co/Ubiminds/8c4248ab-ed97-4c2e-9b0c-0e98cd9e6afd	Ubiminds	Strategic Partner Relationship Management	lever-api	2026-04-15	unchecked				light_score:2.90
https://jobs.lever.co/xsolla/8bd5131d-3406-422b-9535-62ec861a7aa9	Xsolla	Senior Business Development Manager	lever-api	2026-04-15	unchecked				light_score:2.75
https://jobs.ashbyhq.com/payabli/8006e7a0-4f11-4fa5-9010-a06e9962da96	Payabli	FP&A Analyst	ashby-api	2026-04-15	unchecked				light_score:3.90
https://jobs.ashbyhq.com/chainalysis-careers/02d66ab7-cf35-4fe7-a359-f0d75055ce8b	Chainalysis	Senior Manager, Partnerships	ashby-api	2026-04-15	unchecked				light_score:4.00
https://jobs.ashbyhq.com/hopper/68f30f9b-fe54-4ba2-9895-99e6c2471396	Hopper	Sr Business Development Manager, Airline Partnerships	ashby-api	2026-04-15	unchecked				light_score:2.40
https://builtin.com/job/fp-financial-analyst/6407566	unknown	Model N | FP&A Financial Analyst	other	2026-04-15	unchecked				light_score:4.00
https://builtin.com/job/senior-finance-fp-analyst-remote/8567233	Ryder	Senior Finance FP&A Analyst	other	2026-04-15	unchecked				light_score:4.00
https://builtin.com/job/fp-analyst-gtm/7878176	GitLab	FP&A Analyst, GTM	other	2026-04-15	unchecked				light_score:4.00
https://builtin.com/job/fp-analyst/6266572	Middesk	FP&A Analyst	other	2026-04-15	unchecked				light_score:4.00
https://remoteok.com/remote-jobs/remote-fpa-analyst-newsela-948814	Newsela	FP&A Analyst	other	2026-04-15	unchecked				light_score:4.63
https://remoteok.com/remote-jobs/remote-fpa-analyst-wisetack-918860	Wisetack	FP&A Analyst	other	2026-04-15	unchecked		done	2026-04-15	report:001 score:1.80
https://remoteok.com/remote-jobs/remote-senior-fpampa-amp-strategic-finance-access-softek-1130128	Access Softek	Senior FP&A & Strategic Finance	other	2026-04-15	unchecked				light_score:4.25
https://remoteok.com/remote-jobs/remote-senior-financial-analyst-precision-for-medicine-1129013	Precision for Medicine	Senior Financial Analyst	other	2026-04-15	unchecked				light_score:4.10
https://remoteok.com/remote-jobs/remote-senior-financial-analyst-exodus-movement-inc-717288	Exodus Movement Inc	Senior Financial Analyst	other	2026-04-15	unchecked				light_score:4.00
https://boards.greenhouse.io/creditkarma/jobs/5786726003	Credit Karma	FP&A Analyst II	greenhouse-api	2026-04-15	expired				
https://boards.greenhouse.io/liveramp/jobs/4048178	LiveRamp	Financial Analyst, Corporate FP&A	greenhouse-api	2026-04-15	expired				
https://boards.greenhouse.io/carsdotcom/jobs/4049427	Cars.com	Senior Financial Analyst, FP&A	greenhouse-api	2026-04-15	expired				
https://boards.greenhouse.io/twilio/jobs/3454601	Twilio	Financial Analyst, Corporate FP&A	greenhouse-api	2026-04-15	expired				
https://boards.greenhouse.io/schoolmint/jobs/6663164002	SchoolMint	Senior Financial Analyst - FP&A	greenhouse-api	2026-04-15	expired				
https://job-boards.greenhouse.io/knowbe4/jobs/8415976002	KnowBe4	Snr. Analyst Strategic Finance	greenhouse-api	2026-04-15	expired				
https://boards.greenhouse.io/appfiretechnologiesllc/jobs/4301877005	Appfire	Senior FP&A Analyst	greenhouse-api	2026-04-15	expired				
https://boards.greenhouse.io/thumbtack/jobs/3102768	Thumbtack	Senior Financial Analyst, FP&A - G&A	greenhouse-api	2026-04-15	expired				
https://boards.greenhouse.io/coinbase/jobs/6342396	Coinbase	Financial Analyst, Marketing FP&A	greenhouse-api	2026-04-15	expired				
https://boards.greenhouse.io/coherehealth/jobs/5814107003	Cohere Health	Product Strategy & Operations Analyst	greenhouse-api	2026-04-15	expired				
https://boards.greenhouse.io/mrbeastyoutube/jobs/5220710004	MrBeast	Strategy Analyst	greenhouse-api	2026-04-15	expired				
https://boards.greenhouse.io/knowbe4/jobs/7609533002	KnowBe4	AI Business Analyst	greenhouse-api	2026-04-15	expired				
https://boards.greenhouse.io/samsara/jobs/7287578	Samsara	Sr. Sales Operations and Strategy Analyst	greenhouse-api	2026-04-15	expired				
https://boards.greenhouse.io/missionlane/jobs/5778031002	Mission Lane	Senior Business Analyst	greenhouse-api	2026-04-15	expired				
https://boards.greenhouse.io/cloudbeds/jobs/4349159005	Cloudbeds	Business Analyst - Data Products	greenhouse-api	2026-04-15	expired				
https://boards.greenhouse.io/airbyte/jobs/4534755004	Airbyte	Senior Business Analyst (Revenue)	greenhouse-api	2026-04-15	expired				
https://boards.greenhouse.io/apolloio/jobs/4951487004	Apollo.io	Agency Partnerships Manager	greenhouse-api	2026-04-15	expired				
https://boards.greenhouse.io/remotecom/jobs/4877392003	Remote.com	Senior Partnerships Manager	greenhouse-api	2026-04-15	expired				
https://boards.greenhouse.io/fundraiseup/jobs/4493361005	Fundraise Up	Senior Partner Manager (Technology Partnerships)	greenhouse-api	2026-04-15	expired				
https://boards.greenhouse.io/sustainlife/jobs/5276929003	Sustain.Life	Senior Manager, Partnerships	greenhouse-api	2026-04-15	expired				
https://boards.greenhouse.io/affirm/jobs/6039391003	Affirm	Strategic Partnerships Manager	greenhouse-api	2026-04-15	expired				
https://boards.greenhouse.io/oysterremote/jobs/4754475004	Oyster HR	Senior Channel Partnerships Manager	greenhouse-api	2026-04-15	expired				
https://boards.greenhouse.io/netlify/jobs/7064362002	Netlify	Partner Sales Manager, Tech Partnerships	greenhouse-api	2026-04-15	expired				
https://boards.greenhouse.io/thanx/jobs/4824833003	Thanx	Partnerships Manager	greenhouse-api	2026-04-15	expired				
https://jobs.lever.co/xsolla/84a644b1-fef9-42f6-b2f2-c383d6518c9e	Xsolla	Sr. Financial Analyst	lever-api	2026-04-15	expired				
https://jobs.lever.co/omnidian/78a676d1-e66b-4ac8-b599-e20369950dd3	Omnidian	Senior Financial Analyst, Corporate FP&A	lever-api	2026-04-15	expired				
https://jobs.lever.co/yelp/dc836a61-c251-4ad0-b75f-b0270aeaa105	Yelp	FP&A Analyst, GTM	lever-api	2026-04-15	expired				
https://jobs.lever.co/caseware/320f7c69-738b-4810-b988-1a631cafef08	Caseware	Analyst/Senior Analyst, FP&A	lever-api	2026-04-15	expired				
https://jobs.lever.co/stackadapt/85ed2f30-7b42-4151-ba7a-0d3a4b82b446	StackAdapt	Senior Financial Analyst, FP&A	lever-api	2026-04-15	expired				
https://jobs.lever.co/coalfire/cd3825d7-2480-42f6-a244-e563866ea866	Coalfire	Business Development Manager, Partnerships	lever-api	2026-04-15	expired				
https://jobs.lever.co/stackadapt/fdac55e9-f2e7-448a-9758-dfab05b990e8	StackAdapt	Business Development Lead, Strategic Partnerships	lever-api	2026-04-15	expired				
https://jobs.ashbyhq.com/serverobotics/f12c8754-d746-4e0f-9dda-063d38374670	Serve Robotics	Financial Analyst, FP&A	ashby-api	2026-04-15	expired				
https://jobs.ashbyhq.com/optro/d785b0fd-989a-4e07-8f58-11bbc5069393	Optro	Senior FP&A Analyst (Remote, US)	ashby-api	2026-04-15	expired				
https://jobs.ashbyhq.com/glia/c9a0d6e7-9618-4311-9c39-a7e2b5a6e462	Glia	Senior FP&A Analyst	ashby-api	2026-04-15	expired				
https://jobs.ashbyhq.com/Acorns/97382e25-08a4-4245-b1b2-2cb81a27ffa7	Acorns	Finance Analyst	ashby-api	2026-04-15	expired				
https://jobs.ashbyhq.com/datatonic/c5c7b3d2-f005-494e-9543-15b2ce2a1374	Datatonic	Financial Planning & Analysis (FP&A) Analyst	ashby-api	2026-04-15	expired				
https://jobs.ashbyhq.com/onebrief/cd5fa0ff-a6cd-4b43-bbab-4a07a247e307	Onebrief	Senior FP&A Analyst	ashby-api	2026-04-15	expired				
https://jobs.ashbyhq.com/middesk/06857736-e8ff-4b23-96da-ac04a51aa99d	Middesk	FP&A Analyst	ashby-api	2026-04-15	expired				
https://jobs.ashbyhq.com/Tools%20for%20Humanity/f271e41f-7e27-4d93-9e2b-688b9bf404b1	Tools for Humanity	Head of Business Development	ashby-api	2026-04-15	expired				
https://jobs.ashbyhq.com/harvey/98a49883-8e0d-4a04-914f-8aaa68b2660d	Harvey	Corporate Business Development Manager (Data)	ashby-api	2026-04-15	expired				
https://jobs.ashbyhq.com/chainalysis-careers/16dde6bd-6a80-4051-a12a-ec063610264e	Chainalysis	Technology Partnerships Manager	ashby-api	2026-04-15	expired				
https://jobs.ashbyhq.com/sentient/b73ca509-a468-48ba-b279-ffaee00ff54b	Sentient	China GTM & Business Development Manager	ashby-api	2026-04-15	expired				
https://jobs.ashbyhq.com/vanta/17df6cbf-b9b5-4394-ad2a-ed126b4102d0	Vanta	Corporate Development and Strategic Partnerships Manager	ashby-api	2026-04-15	expired				
https://jobs.ashbyhq.com/eliseai/b52aff11-74ac-4e8e-8566-a6809cacb439	EliseAI	Corporate Development and Partnerships Senior Associate	ashby-api	2026-04-15	expired				
https://jobs.ashbyhq.com/fiddler-ai/332ef3fa-cd71-4a3e-9d67-cd5e3765c1f1	Fiddler AI	Business Development & Partnerships Manager	ashby-api	2026-04-15	expired				
https://builtin.com/job/financial-analyst-fpa-remote/2990532	GuideWell	Financial Analyst, FP&A	other	2026-04-15	expired				
https://builtin.com/job/sr-financial-analyst-fpa-remote/2324960	CrowdStrike	Sr. Financial Analyst, FP&A	other	2026-04-15	expired				
https://builtin.com/job/finance/fpa-operations-analyst-remote/493127	Cubic Corporation	FP&A Operations Analyst	other	2026-04-15	expired				
https://weworkremotely.com/remote-jobs/q2-software-financial-analyst	Q2 Software	Financial Analyst	other	2026-04-15	expired				
https://weworkremotely.com/remote-jobs/somewhere-creative-agency-financial-analyst-remote-latam-sa-38815317014	Somewhere	Creative Agency Financial Analyst	other	2026-04-15	expired				
https://weworkremotely.com/remote-jobs/crosscountry-consulting-managing-director-fp-a-saas-private-equity-advisory	CrossCountry Consulting	Managing Director - FP&A SaaS	other	2026-04-15	expired				
https://weworkremotely.com/remote-jobs/pyrovio-senior-consultant-financial-planning-and-analysis	Pyrovio	Senior Consultant - Financial Planning and Analysis	other	2026-04-15	expired				
https://weworkremotely.com/remote-jobs/airdev-operations-financial-analyst	Airdev	Operations / Financial Analyst	other	2026-04-15	expired				
https://cryptojobslist.com/jobs/head-of-business-development-at-lunar-strategy	Lunar Strategy	Head of Business Development	other	2026-04-15	expired				
https://cryptojobslist.com/jobs/business-development-partnerships-at-glmall-fz-llc	GLMall	Business Development & Partnerships Manager (B2B)	other	2026-04-15	expired				
https://cryptojobslist.com/jobs/business-development-manager-web3-at-magnet	Magnet	Business Development Manager (Web3 / DeFi)	other	2026-04-15	expired				
https://cryptojobslist.com/jobs/business-development-manager-latam-exmo-com-remote	EXMO.com	Business Development Manager (Latam)	other	2026-04-15	expired				
https://cryptojobslist.com/jobs/head-of-business-development-scroll-io-remote	Scroll.io	Head of Business Development	other	2026-04-15	expired				
https://web3.career/business-development-and-partnerships-manager-venuslabs/37159	Venus Labs	Business Development and Partnerships Manager	other	2026-04-15	expired				
https://web3.career/head-of-business-development-partnerships-xmtp/37054	XMTP Labs	Head of Business Development & Partnerships	other	2026-04-15	expired				
https://web3.career/business-development-web3-partnerships-celofoundation/34723	Celo Foundation	Business Development, Web3 Partnerships	other	2026-04-15	expired				
https://web3.career/business-development-and-partnerships-manager-popoo/41191	Popoo	Business Development and Partnerships Manager	other	2026-04-15	expired				
https://web3.career/business-development-lead-us-yield-xyz/144792	Yield.xyz	Business Development Lead (US)	other	2026-04-15	expired				
https://web3.career/business-development-and-partnerships-manager-defi-crypto-reach-sh/16702	Reach	Business Development and Partnerships Manager - DeFi/Crypto	other	2026-04-15	expired				
https://boards.greenhouse.io/fidelityguarantylife/jobs/6960208003	Fidelity & Guaranty Life	Sr. Analyst, Investment Portfolio Analytics	greenhouse-api	2026-04-15	unchecked				light_score:3.25
https://boards.greenhouse.io/fidelityguarantylife/jobs/6668817003	Fidelity & Guaranty Life	Analyst, Investment Portfolio Analytics	greenhouse-api	2026-04-15	unchecked				light_score:3.90
https://jobs.lever.co/hypersonica-prod/a71ee557-daff-41c6-a1b8-3e078b6fcc6b	unknown	CEO Office BizOps Analyst	lever-api	2026-04-15	unchecked				light_score:2.75
https://jobs.lever.co/applike/69547a98-69dc-410f-a095-c072e78189a5	Applike	Business Analyst	lever-api	2026-04-15	unchecked				light_score:3.00
https://jobs.lever.co/certifyos/5b87b064-bea0-4ad1-8c4e-d26aa78de7b5	unknown	CertifyOS | Operations Analyst	lever-api	2026-04-15	unchecked				light_score:3.00
https://jobs.ashbyhq.com/hopper/8747aaef-aacc-4a31-9990-2d698557b1ab	Hopper	Senior Strategy & Operations Manager	ashby-api	2026-04-15	unchecked				light_score:3.90
https://jobs.ashbyhq.com/Hang/36a6254d-b093-4eee-8c91-c0193ab17c69	unknown	Business Operations & Strategy	ashby-api	2026-04-15	unchecked				light_score:2.50
https://jobs.ashbyhq.com/stainlessapi/97a60050-9c8f-41f1-a88b-3a4b8d35f961	unknown	Stainless | Business Operations	ashby-api	2026-04-15	unchecked				light_score:3.00
https://jobs.ashbyhq.com/instructure/eb8245ca-98f9-4fc6-a8fc-85820b4548f9	Instructure	Principal, Business Operations and Strategy	ashby-api	2026-04-15	unchecked				light_score:3.50
https://jobs.ashbyhq.com/factory/f679242d-2fea-4fcb-8b7e-09b50344f3c0	unknown	Factory | Business Operations	ashby-api	2026-04-15	unchecked				light_score:2.00
https://web3.career/head-of-finance-phantom/75964	Phantom	Head of Finance	other	2026-04-15	unchecked				light_score:2.75
https://web3.career/director-of-strategic-finance-and-operations-sentient/138004	Sentient	Director of Strategic Finance and Operations	other	2026-04-15	unchecked				light_score:3.75
https://web3.career/finance-lead-veda/148263	unknown	Veda | Finance Lead	other	2026-04-15	unchecked				light_score:2.75
https://web3.career/director-global-treasury-gemini/101061	Gemini	Director, Global Treasury	other	2026-04-15	unchecked				light_score:2.75
https://web3.career/business-operations-strategy-manager-coinbase/38795	Coinbase	Business Operations Strategy Manager	other	2026-04-15	unchecked				light_score:4.00
https://web3.career/chief-of-staff-bizops-generalist-ethereum/1109	Ethereum Foundation	Chief of Staff / BizOps Generalist	other	2026-04-15	unchecked				light_score:2.50
https://web3.career/senior-business-operations-manager-offchainlabs/104959	Offchain Labs	Senior Business Operations Manager	other	2026-04-15	unchecked				light_score:3.75
https://web3.career/member-of-finance-treasury-operations-lead-anchorage/98957	Anchorage Digital	Member of Finance, Treasury Operations Lead	other	2026-04-15	unchecked				light_score:3.50
https://web3.career/finance-transformation-senior-analyst-kraken/77733	Kraken	Finance Transformation Senior Analyst	other	2026-04-15	unchecked				light_score:3.60
https://cryptocurrencyjobs.co/sales/origin-protocol-business-development/	Origin Protocol	Business Development	other	2026-04-15	unchecked				light_score:2.75
https://job-boards.greenhouse.io/ritual/jobs/4981486007	unknown	Ritual | Controller	greenhouse-api	2026-04-15	unchecked				light_score:2.50
https://boards.greenhouse.io/remotecom/jobs/4383392003	Remote.com	Treasury Manager, Cash Management	greenhouse-api	2026-04-15	expired				
https://boards.greenhouse.io/remotecom/jobs/4553549003	Remote.com	Senior Payments Manager	greenhouse-api	2026-04-15	expired				
https://boards.greenhouse.io/affirm/jobs/5050609003	Affirm	Senior Treasury Associate	greenhouse-api	2026-04-15	expired				
https://boards.greenhouse.io/circle/jobs/6277446002	Circle	Senior Payment Operations Manager	greenhouse-api	2026-04-15	expired				
https://boards.greenhouse.io/remotecom/jobs/5435743003	Remote.com	Senior Treasury Analyst	greenhouse-api	2026-04-15	expired				
https://boards.greenhouse.io/atbayjobs/jobs/6347826003	At-Bay	Treasury Operations Analyst	greenhouse-api	2026-04-15	expired				
https://boards.greenhouse.io/remotecom/jobs/4762572003	Remote.com	Senior Treasury Analyst - AMER	greenhouse-api	2026-04-15	expired				
https://boards.greenhouse.io/remotecom/jobs/4758338003	Remote.com	Senior Payments Analyst	greenhouse-api	2026-04-15	expired				
https://job-boards.greenhouse.io/quisitivejobs/jobs/7522935	Quisitive	Financial Analyst (EPM / CPM)	greenhouse-api	2026-04-15	expired				
https://boards.greenhouse.io/kronosresearch/jobs/6000547003	Kronos Research	Investment Analyst (Kronos Ventures)	greenhouse-api	2026-04-15	expired				
https://boards.greenhouse.io/remind/jobs/2596587	Remind	Financial Analyst	greenhouse-api	2026-04-15	expired				
https://boards.greenhouse.io/schonfeld/jobs/4485725	Schonfeld	Senior Business Analyst – Portfolio Management Systems	greenhouse-api	2026-04-15	expired				
https://boards.greenhouse.io/seatgeek/jobs/7171662	SeatGeek	Portfolio Operations Senior Analyst	greenhouse-api	2026-04-15	expired				
https://boards.greenhouse.io/signifyd95/jobs/6231003	Signifyd	Senior Portfolio Analyst	greenhouse-api	2026-04-15	expired				
https://jobs.lever.co/jobgether/2a67faaf-5851-49da-bc5b-a8480b599ae8	Jobgether	Sr. Risk and Compliance Specialist	lever-api	2026-04-15	expired				
https://jobs.lever.co/jobgether/5ef8b0b5-ee7d-4ea7-b08f-9727d6bebff7	Jobgether	Remote Compliance and Risk Manager	lever-api	2026-04-15	expired				
https://jobs.lever.co/jobgether/93f38ee6-9075-421b-90d6-6c31b2abc87e	Jobgether	Remote Risk and Compliance Specialist	lever-api	2026-04-15	expired				
https://jobs.lever.co/jobgether/73b1d90d-0518-4be3-9b07-ebc42c112125	Jobgether	Compliance Risk Analyst	lever-api	2026-04-15	expired				
https://jobs.lever.co/jobgether/ebba6f5e-7a9c-49c3-8885-df300dae77ff	Jobgether	Remote Risk Compliance Analyst	lever-api	2026-04-15	expired				
https://jobs.lever.co/owner/4b3e3a9c-b73f-4382-af86-b1623404bb98	Owner	Business Operations Analyst, Talent	lever-api	2026-04-15	expired				
https://jobs.lever.co/atob/35960441-7cab-4648-8f67-5517c7e4e9ac	AtoB	Business Operations Analyst / Associate	lever-api	2026-04-15	expired				
https://jobs.lever.co/passport/e3d8bad0-8aa5-45bd-9bb7-5cc8c5c8898f	Passport	BizOps Analyst	lever-api	2026-04-15	expired				
https://jobs.lever.co/policyme/74d5d627-9e9f-43c5-afc1-3e26de488ec3	PolicyMe	Director of BizOps, Strategy & Operations	lever-api	2026-04-15	expired				
https://jobs.ashbyhq.com/zapier/6b8f8842-d571-455e-9ff6-f6c0da7a0d22	Zapier	Sr. Business Operations Associate	ashby-api	2026-04-15	expired				
https://jobs.ashbyhq.com/puzzle.io/3357e482-6a9a-4d02-bb84-e0eb5509a79c	Puzzle.io	Business Operations Manager	ashby-api	2026-04-15	expired				
https://jobs.ashbyhq.com/instructure/119c419b-be31-4dc0-af26-7274eca1575b	Instructure	Senior Business Operations Manager	ashby-api	2026-04-15	expired				
https://jobs.ashbyhq.com/rula/cf18fb30-e502-4061-a95d-d04d3a12b942	Rula	Sr. Business Operations Manager	ashby-api	2026-04-15	expired				
https://web3.career/business-strategy-and-operations-lead-internationalization-circle/57633	Circle	Business Strategy and Operations Lead, Internationalization	other	2026-04-15	expired				
https://web3.career/strategy-and-operations-manager-reserveprotocol/50222	Reserve Protocol	Strategy and Operations Manager	other	2026-04-15	expired				
https://web3.career/global-business-operations-manager-binance-card-pay-binance/40023	Binance	Global Business Operations Manager - Binance Card/Pay	other	2026-04-15	expired				
https://web3.career/treasury-analyst-chainlink/49169	Chainlink Labs	Treasury Analyst	other	2026-04-15	expired				
https://web3.career/treasury-analyst-binance/21313	Binance	Treasury Analyst	other	2026-04-15	expired				
https://cryptocurrencyjobs.co/sales/usual-head-of-business-development-defi/	Usual	Head of Business Development - DeFi	other	2026-04-15	expired				
https://cryptocurrencyjobs.co/sales/team-finance-business-development-and-partnerships-manager/	Team Finance	Business Development and Partnerships Manager	other	2026-04-15	expired				
https://cryptocurrencyjobs.co/sales/alpaca-finance-head-of-business-development/	Alpaca Finance	Global Head of Business Development	other	2026-04-15	expired				
https://cryptocurrencyjobs.co/sales/inverse-finance-business-development-manager-defi/	Inverse Finance	Business Development Manager, DeFi	other	2026-04-15	expired				
https://cryptocurrencyjobs.co/sales/dia-association-business-development/	DIA Association	Business Development	other	2026-04-15	expired				
https://cryptocurrencyjobs.co/sales/arrakis-finance-business-development-manager/	Arrakis Finance	Business Development Manager	other	2026-04-15	expired				
https://cryptocurrencyjobs.co/sales/prepo-web3-business-development-ecosystem/	PreStocks	Web3 Business Development (Ecosystem)	other	2026-04-15	expired				
https://cryptocurrencyjobs.co/operations/serotonin-web3-finance-manager-remote/	Serotonin	Web3 Finance Manager	other	2026-04-15	expired				
https://boards.greenhouse.io/okx/jobs/5704596003	OKX	Business Development Manager (Web3 Earn)	greenhouse-api	2026-04-15	expired				
https://jobs.ashbyhq.com/parker/810d0973-0f96-43e3-81ff-9aa93910bb0b	Parker Group	Head of Crypto Partnerships	ashby-api	2026-04-15	expired				
https://jobs.ashbyhq.com/tokenmetrics/f2202a57-8c48-41ca-8127-d94f53cc4332	Token Metrics	Crypto Investment Analyst	ashby-api	2026-04-15	expired				
https://jobs.lever.co/gauntlet/89ca273f-6a4d-4eb6-9712-84dc8447428d	Gauntlet	DeFi Researcher	lever-api	2026-04-15	expired				
https://jobs.lever.co/jobgether/d0990862-07ec-480f-8695-37186e4ff135	Jobgether	Web3 / Crypto Business Development Manager	lever-api	2026-04-15	expired				
https://www.linkedin.com/jobs/view/investment-banking-financial-analyst-%24130-hr-at-mercor-4380930829	Mercor	Investment Banking Financial Analyst - $130/hr	linkedin-auth	2026-04-15	unchecked				light_score:1.50
https://www.linkedin.com/jobs/view/senior-financial-analyst-at-stride-inc-4398574441	Stride Inc	Senior Financial Analyst	linkedin-auth	2026-04-15	unchecked				light_score:4.00
https://www.linkedin.com/jobs/view/financial-analyst-at-great-value-hiring-4378468166	Great Value (unknown)	Financial Analyst	linkedin-auth	2026-04-15	unchecked				light_score:3.25
https://www.linkedin.com/jobs/view/investment-analyst-remote-at-crossing-hurdles-4385001879	Investment Analyst	Remote | Investment Analyst | Remote	linkedin-auth	2026-04-15	unchecked				light_score:4.00
https://www.linkedin.com/jobs/view/financial-analyst-global-brand-finance-ugg-hoka-at-ugg-4384702690	UGG	Financial Analyst, Global Brand Finance	linkedin-auth	2026-04-15	unchecked				light_score:3.25
https://www.linkedin.com/jobs/view/financial-analyst-global-brand-finance-ugg-hoka-at-ugg-4384496879	UGG (Deckers)	Financial Analyst, Global Brand Finance	linkedin-auth	2026-04-15	unchecked				light_score:3.75
https://www.linkedin.com/jobs/view/corporate-finance-analyst-remote-at-crossing-hurdles-4398786868	Crossing Hurdles	Corporate Finance Analyst	linkedin-auth	2026-04-15	unchecked				light_score:4.50
https://www.linkedin.com/jobs/view/financial-analyst-remote-at-crossing-hurdles-4385008428	Crossing Hurdles	Financial Analyst | Remote	linkedin-auth	2026-04-15	unchecked				light_score:4.50
https://www.linkedin.com/jobs/view/financial-analyst-global-brand-finance-ugg-hoka-at-ugg-4384712137	UGG	Financial Analyst, Global Brand Finance	linkedin-auth	2026-04-15	unchecked				light_score:3.80
https://www.linkedin.com/jobs/view/financial-analyst-global-brand-finance-ugg-hoka-at-ugg-4384711171	UGG	Financial Analyst, Global Brand Finance	linkedin-auth	2026-04-15	unchecked				light_score:3.50
https://www.linkedin.com/jobs/view/senior-finance-analyst-at-simplepractice-4397349075	SimplePractice	Senior Finance Analyst	linkedin-auth	2026-04-15	unchecked				light_score:3.75
https://www.linkedin.com/jobs/view/financial-analyst-global-brand-finance-ugg-hoka-at-ugg-4384701719	UGG	Financial Analyst, Global Brand Finance	linkedin-auth	2026-04-15	unchecked				light_score:3.75
https://www.linkedin.com/jobs/view/financial-analyst-part-time-at-sapience-ai-4388627132	Sapience AI	Financial Analyst, Part Time	linkedin-auth	2026-04-15	unchecked				light_score:2.75
https://www.linkedin.com/jobs/view/finance-analyst-at-pentasia-4390362203	pentasia	Finance Analyst	linkedin-auth	2026-04-15	unchecked				light_score:4.00
https://www.linkedin.com/jobs/view/sr-financial-analyst-at-deltek-4379188386	Deltek	Sr Financial Analyst	linkedin-auth	2026-04-15	unchecked				light_score:4.00
https://www.linkedin.com/jobs/view/financial-analyst-remote-at-harmer-4402069125	Harmer	Financial Analyst (Remote)	linkedin-auth	2026-04-15	unchecked				light_score:4.25
https://www.linkedin.com/jobs/view/financial-planning-analyst-remote-at-crossing-hurdles-4385008433	Crossing Hurdles	Financial Planning Analyst | Remote	linkedin-auth	2026-04-15	unchecked				light_score:4.00
https://www.linkedin.com/jobs/view/financial-analyst-at-go-offer-4387132092	unknown	Financial Analyst	linkedin-auth	2026-04-15	unchecked				light_score:3.75
https://www.linkedin.com/jobs/view/financial-analyst-global-brand-finance-ugg-hoka-at-ugg-4384704477	UGG	Financial Analyst, Global Brand Finance	linkedin-auth	2026-04-15	unchecked				light_score:4.00
https://www.linkedin.com/jobs/view/sr-financial-analyst-at-codex-4393937626	Codex (unknown)	Sr. Financial Analyst	linkedin-auth	2026-04-15	unchecked				light_score:4.00
https://www.linkedin.com/jobs/view/financial-analyst-remote-at-crossing-hurdles-4385255361	Crossing Hurdles	Financial Analyst | Remote	linkedin-auth	2026-04-15	unchecked				light_score:4.00
https://www.linkedin.com/jobs/view/sr-financial-analyst-at-harbor-health-4392917874	Harbor Health	Sr. Financial Analyst	linkedin-auth	2026-04-15	unchecked				light_score:3.00
https://www.linkedin.com/jobs/view/financial-analyst-global-brand-finance-ugg-hoka-at-ugg-4384497850	UGG	Financial Analyst, Global Brand Finance	linkedin-auth	2026-04-15	unchecked				light_score:3.50
https://www.linkedin.com/jobs/view/leveraged-finance-analyst-credit-investment-modeling-remote-at-crossing-hurdles-4394257540	Crossing Hurdles	Leveraged Finance Analyst (Credit & Investment Modeling)	linkedin-auth	2026-04-15	unchecked				light_score:4.10
https://www.linkedin.com/jobs/view/leveraged-finance-analyst-credit-investment-modeling-remote-at-crossing-hurdles-4394263487	Crossing Hurdles	Leveraged Finance Analyst (Credit & Investment Modeling)	linkedin-auth	2026-04-15	unchecked				light_score:4.00
https://www.linkedin.com/jobs/view/credit-analyst-remote-at-crossing-hurdles-4361064681	Crossing Hurdles	Credit Analyst	linkedin-auth	2026-04-15	unchecked				light_score:4.50
https://www.linkedin.com/jobs/view/neo-credit-analyst-at-better-4401353089	NEO	Credit Analyst	linkedin-auth	2026-04-15	unchecked				light_score:4.00
https://www.linkedin.com/jobs/view/credit-analyst-at-dataannotation-4318737199	unknown	Credit Analyst	linkedin-auth	2026-04-15	unchecked				light_score:3.50
https://www.linkedin.com/jobs/view/credit-analyst-at-dataannotation-4318722720	DataAnnotation	Credit Analyst	linkedin-auth	2026-04-15	unchecked				light_score:2.75
https://www.linkedin.com/jobs/view/credit-analyst-at-dataannotation-4318735263	DataAnnotation	Credit Analyst	linkedin-auth	2026-04-15	unchecked				light_score:3.00
https://www.linkedin.com/jobs/view/credit-analyst-at-dataannotation-4318717962	Credit Analyst	Credit Analyst	linkedin-auth	2026-04-15	unchecked				light_score:2.50
https://www.linkedin.com/jobs/view/credit-analyst-at-dataannotation-4318724723	Credit Analyst	Credit Analyst	linkedin-auth	2026-04-15	unchecked				light_score:2.50
https://www.linkedin.com/jobs/view/compliance-credit-analyst-at-push-operations-4398311663	Compliance & Credit Analyst	Compliance & Credit Analyst	linkedin-auth	2026-04-15	unchecked				light_score:3.00
https://www.linkedin.com/jobs/view/finance-expert-credit-analyst-at-xai-4367642865	Finance Expert - Credit Analyst	Finance Expert - Credit Analyst	linkedin-auth	2026-04-15	unchecked				light_score:3.50
https://www.linkedin.com/jobs/view/credit-analyst-at-dataannotation-4318740052	Credit Analyst	Credit Analyst	linkedin-auth	2026-04-15	unchecked				light_score:2.50
https://www.linkedin.com/jobs/view/sr-director-fp-a-at-instructure-4384731354	Sr. Director, FP&A	Sr. Director, FP&A	linkedin-auth	2026-04-15	unchecked				light_score:2.00
https://www.linkedin.com/jobs/view/corporate-fp-a-manager-at-vast-data-4380485113	Corporate FP&A Manager	Corporate FP&A Manager	linkedin-auth	2026-04-15	unchecked				light_score:3.00
https://www.linkedin.com/jobs/view/director-of-fp-a-at-jobgether-4397690589	Director of FP&A	Director of FP&A	linkedin-auth	2026-04-15	unchecked				light_score:2.50
https://www.linkedin.com/jobs/view/regional-fp-a-leader-at-air-control-concepts-4399566647	Regional FP&A Leader	Regional FP&A Leader	linkedin-auth	2026-04-15	unchecked				light_score:1.50
https://www.linkedin.com/jobs/view/vp-of-finance-head-of-fp-a-at-keebler-health-4400969542	VP of Finance/Head of FP&A	VP of Finance/Head of FP&A	linkedin-auth	2026-04-15	unchecked				light_score:2.50
https://www.linkedin.com/jobs/view/director-fp-a-employer-solutions-at-jobgether-4397219241	Director, FP&A, Employer Solutions	Director, FP&A, Employer Solutions	linkedin-auth	2026-04-15	unchecked				light_score:2.50
https://www.linkedin.com/jobs/view/senior-director-fp-a-growth-at-jobgether-4399199608	Senior Director FP&A - Growth	Senior Director FP&A - Growth	linkedin-auth	2026-04-15	unchecked				light_score:2.00
https://www.linkedin.com/jobs/view/director-of-financial-planning-analysis-fp-a-at-ottimate-4397344369	Director of Financial Planning & Analysis (FP&A)	Director of Financial Planning & Analysis (FP&A)	linkedin-auth	2026-04-15	unchecked				light_score:2.50
https://www.linkedin.com/jobs/view/fp-a-senior-analyst-at-opensesame-4304497317	FP&A Senior Analyst	FP&A Senior Analyst	linkedin-auth	2026-04-15	unchecked				light_score:3.50
https://www.linkedin.com/jobs/view/vice-president-financial-planning-analysis-fp-a-at-jobgether-4399118851	?	Vice President, Financial Planning & Analysis (FP&A)	linkedin-auth	2026-04-15	unchecked				light_score:2.00
https://www.linkedin.com/jobs/view/demand-financial-planning-analyst-at-ollie-4382344531	Demand & Financial Planning Analyst	Demand & Financial Planning Analyst	linkedin-auth	2026-04-15	unchecked				light_score:3.00
https://www.linkedin.com/jobs/view/vice-president-fp-a-at-precision-medicine-group-4389598718	Vice President, FP&A	Vice President, FP&A	linkedin-auth	2026-04-15	unchecked				light_score:2.00
https://www.linkedin.com/jobs/view/director-financial-planning-analysis-fp-a-at-jd-power-4359344732	Director - Financial Planning & Analysis (FP&A)	Director - Financial Planning & Analysis (FP&A)	linkedin-auth	2026-04-15	unchecked				light_score:3.00
https://www.linkedin.com/jobs/view/senior-director-of-fp-a-pe-backed-food-and-beverage-remote-at-harmonic-finance-inc-%E2%84%A2-certified-b-corp-4397285091	?	Senior Director of FP&A | PE-Backed Food and Beverage | Remote	linkedin-auth	2026-04-15	unchecked				light_score:3.50
https://www.linkedin.com/jobs/view/business-analyst-operations-at-medreview-inc-4378541726	Business Analyst - Operations	Business Analyst - Operations	linkedin-auth	2026-04-15	unchecked				light_score:3.25
https://www.linkedin.com/jobs/view/business-analyst-at-medallion-4393888851	Business Analyst	Business Analyst	linkedin-auth	2026-04-15	unchecked				light_score:2.75
https://www.linkedin.com/jobs/view/business-analyst-at-go-offer-4387126387	Business Analyst	Business Analyst	linkedin-auth	2026-04-15	unchecked				light_score:2.75
https://www.linkedin.com/jobs/view/business-analyst-at-interex-group-4384737101	Business Analyst	Business Analyst	linkedin-auth	2026-04-15	unchecked				light_score:2.50
https://www.linkedin.com/jobs/view/business-analyst-at-go-offer-4387110963	Business Analyst	Business Analyst	linkedin-auth	2026-04-15	unchecked				light_score:2.75
https://www.linkedin.com/jobs/view/business-analyst-at-concorde-inc-4395468756	Business Analyst	Business Analyst	linkedin-auth	2026-04-15	unchecked				light_score:2.50
https://www.linkedin.com/jobs/view/business-analyst-at-enzo-tech-group-4398929261	Business Analyst	Business Analyst	linkedin-auth	2026-04-15	unchecked				light_score:3.00
https://www.linkedin.com/jobs/view/business-analyst-remote-at-joveo-ai-4401707866	Business Analyst (Remote)	Business Analyst (Remote)	linkedin-auth	2026-04-15	unchecked				light_score:3.75
https://www.linkedin.com/jobs/view/business-analyst-at-koia-4319581826	Business Analyst	Business Analyst	linkedin-auth	2026-04-15	unchecked				light_score:2.50
https://www.linkedin.com/jobs/view/business-analyst-at-motion-recruitment-4388540117	Business Analyst	Business Analyst	linkedin-auth	2026-04-15	unchecked				light_score:2.25
https://www.linkedin.com/jobs/view/business-analyst-at-anatta-shopify-platinum-partner-4363153275	Business Analyst	Business Analyst	linkedin-auth	2026-04-15	unchecked				light_score:3.25
https://www.linkedin.com/jobs/view/business-analyst-at-ss-c-technologies-4386980000	Business Analyst	Business Analyst	linkedin-auth	2026-04-15	unchecked				light_score:3.50
https://www.linkedin.com/jobs/view/business-analyst-at-ss-c-technologies-4386963740	Business Analyst	Business Analyst	linkedin-auth	2026-04-15	unchecked				light_score:3.50
https://www.linkedin.com/jobs/view/senior-business-analyst-at-tebra-4386555437	Senior Business Analyst	Senior Business Analyst	linkedin-auth	2026-04-15	unchecked				light_score:3.00
https://www.linkedin.com/jobs/view/business-analyst-at-the-allan-sullivan-co-4398557857	Business Analyst	Business Analyst	linkedin-auth	2026-04-15	unchecked				light_score:2.75
https://www.linkedin.com/jobs/view/business-analyst-at-empower-4382065637	Business Analyst	Business Analyst	linkedin-auth	2026-04-15	unchecked				light_score:3.50
https://www.linkedin.com/jobs/view/business-analyst-at-tiger-advisory-4386941681	Business Analyst	Business Analyst	linkedin-auth	2026-04-15	unchecked				light_score:3.25
https://www.linkedin.com/jobs/view/business-analyst-at-ss-c-technologies-4386972427	Business Analyst	Business Analyst	linkedin-auth	2026-04-15	unchecked				light_score:3.50
https://www.linkedin.com/jobs/view/business-analyst-at-interex-group-4385009491	Business Analyst	Business Analyst	linkedin-auth	2026-04-15	unchecked				light_score:2.75
https://www.linkedin.com/jobs/view/business-analyst-at-ss-c-technologies-4386963739	Business Analyst	Business Analyst	linkedin-auth	2026-04-15	unchecked				light_score:3.50
https://www.linkedin.com/jobs/view/business-analyst-at-cgs-federal-contact-government-services-4380566347	Business Analyst	Business Analyst	linkedin-auth	2026-04-15	unchecked				light_score:2.50
https://www.linkedin.com/jobs/view/business-analyst-at-ss-c-technologies-4386958977	Business Analyst	Business Analyst	linkedin-auth	2026-04-15	unchecked				light_score:3.25
https://www.linkedin.com/jobs/view/business-analyst-change-management-at-globalpoint-4397326294	Business Analyst (Change Management)	Business Analyst (Change Management)	linkedin-auth	2026-04-15	unchecked				light_score:2.75
https://www.linkedin.com/jobs/view/business-analyst-at-cgs-federal-contact-government-services-4380579086	Business Analyst	Business Analyst	linkedin-auth	2026-04-15	unchecked				light_score:2.50
https://www.linkedin.com/jobs/view/business-analyst-at-spectraforce-4402015742	Business Analyst	Business Analyst	linkedin-auth	2026-04-15	unchecked				light_score:2.50
https://www.linkedin.com/jobs/view/business-analyst-at-kforce-inc-4368855812	Business Analyst	Business Analyst	linkedin-auth	2026-04-15	unchecked				light_score:2.50
https://www.linkedin.com/jobs/view/senior-strategy-and-business-operations-manager-at-zillow-4399808671	Senior Strategy and Business Operations Manager	Senior Strategy and Business Operations Manager	linkedin-auth	2026-04-15	unchecked				light_score:4.00
https://www.linkedin.com/jobs/view/business-analyst-at-syner-g-4398525996	Business Analyst	Business Analyst	linkedin-auth	2026-04-15	unchecked				light_score:2.75
https://www.linkedin.com/jobs/view/strategic-business-analyst-at-avicado-4356471872	Strategic Business Analyst	Strategic Business Analyst	linkedin-auth	2026-04-15	unchecked				light_score:3.00
https://www.linkedin.com/jobs/view/business-analyst-at-syner-g-4398533710	Business Analyst	Business Analyst	linkedin-auth	2026-04-15	unchecked				light_score:2.75
https://www.linkedin.com/jobs/view/business-analyst-i-full-time-united-states-at-cisco-4397311380	Business Analyst I (Full Time) United States	Business Analyst I (Full Time) United States	linkedin-auth	2026-04-15	unchecked				light_score:3.25
https://www.linkedin.com/jobs/view/business-operations-strategy-analyst-at-patriot-industrial-partners-4399113309	Business Operations & Strategy Analyst	Business Operations & Strategy Analyst	linkedin-auth	2026-04-15	unchecked				light_score:2.75
https://www.linkedin.com/jobs/view/strategy-analyst-at-libra-solutions-4381053083	Strategy Analyst	Strategy Analyst	linkedin-auth	2026-04-15	unchecked				light_score:3.00
https://www.linkedin.com/jobs/view/business-strategy-consultant-remote-flexible-barrington-il-at-livehappy-initiative-4398140416	?	Business Strategy Consultant | Remote & Flexible (Barrington, IL)	linkedin-auth	2026-04-15	unchecked				light_score:3.50
https://www.linkedin.com/jobs/view/business-analyst-at-zaelab-4393934890	Business Analyst	Business Analyst	linkedin-auth	2026-04-15	unchecked				light_score:2.50
https://www.linkedin.com/jobs/view/servicenow-business-analyst-at-lightfeather-4402046584	ServiceNow Business Analyst	ServiceNow Business Analyst	linkedin-auth	2026-04-15	unchecked				light_score:2.25
https://www.linkedin.com/jobs/view/business-strategy-consultant-remote-flexible-remote-at-livehappy-initiative-4398150464	?	Business Strategy Consultant | Remote & Flexible (Remote)	linkedin-auth	2026-04-15	unchecked				light_score:4.00
https://www.linkedin.com/jobs/view/manager-of-business-operations-partnerships-at-playlist-4359227866	Manager of Business Operations, Partnerships	Manager of Business Operations, Partnerships	linkedin-auth	2026-04-15	unchecked				light_score:3.50
https://www.linkedin.com/jobs/view/programs-business-operations-lead-airbnb-services-at-airbnb-4402098151	?	Programs & Business Operations Lead, Airbnb Services	linkedin-auth	2026-04-15	unchecked				light_score:3.75
https://www.linkedin.com/jobs/view/senior-programs-and-business-operations-lead-monthly-stays-at-airbnb-4388551524	?	Senior Programs and Business Operations Lead, Monthly Stays	linkedin-auth	2026-04-15	unchecked				light_score:3.50
https://www.linkedin.com/jobs/view/business-operations-lead-at-fairway-4390973264	Business Operations Lead	Business Operations Lead	linkedin-auth	2026-04-15	unchecked				light_score:3.25
https://www.linkedin.com/jobs/view/business-operations-associate-at-great-value-hiring-4399116131	Business Operations Associate	Business Operations Associate	linkedin-auth	2026-04-15	unchecked				light_score:2.50
https://www.linkedin.com/jobs/view/business-development-lead-at-wing-4396334339	Business Development Lead	Business Development Lead	linkedin-auth	2026-04-15	unchecked				light_score:3.50
https://www.linkedin.com/jobs/view/director-of-growth-business-operations-at-plant-people-4396323118	Director of Growth & Business Operations	Director of Growth & Business Operations	linkedin-auth	2026-04-15	unchecked				light_score:3.50
https://www.linkedin.com/jobs/view/vp-of-brand-partnerships-at-mrbeast-4385398645	VP of Brand Partnerships	VP of Brand Partnerships	linkedin-auth	2026-04-15	unchecked				light_score:3.00
https://www.linkedin.com/jobs/view/vice-president-of-business-development-services-partnerships-at-bps-bioscience-inc-4342439586	?	Vice President of Business Development, Services & Partnerships	linkedin-auth	2026-04-15	unchecked				light_score:2.75
https://www.linkedin.com/jobs/view/startup-business-development-partnerships-sf-based-at-ruckus-4399546915	?	Startup Business Development & Partnerships (SF-Based)	linkedin-auth	2026-04-15	unchecked				light_score:1.75
https://www.linkedin.com/jobs/view/director-of-business-development-partnerships-at-rpm-healthcare-4398825523	Director of Business Development & Partnerships	Director of Business Development & Partnerships	linkedin-auth	2026-04-15	unchecked				light_score:2.50
https://www.linkedin.com/jobs/view/luxury-retail-business-development-partnerships-advisor-at-twas-4389833551	?	Luxury Retail Business Development & Partnerships Advisor	linkedin-auth	2026-04-15	unchecked				light_score:2.00
https://www.linkedin.com/jobs/view/business-development-manager-at-square-4390022207	Business Development Manager	Business Development Manager	linkedin-auth	2026-04-15	unchecked				light_score:3.75
https://www.linkedin.com/jobs/view/business-development-partnerships-dragonfly-portfolio-at-dragonfly-4375541494	?	Business Development & Partnerships - Dragonfly Portfolio	linkedin-auth	2026-04-15	unchecked				light_score:4.00
https://www.linkedin.com/jobs/view/business-development-manager-at-square-4397970733	Business Development Manager	Business Development Manager	linkedin-auth	2026-04-15	unchecked				light_score:3.50
https://www.linkedin.com/jobs/view/vp-business-development-strategy-at-vdb-executive-search-llc-4397774706	VP Business Development & Strategy	VP Business Development & Strategy	linkedin-auth	2026-04-15	unchecked				light_score:2.50
https://www.linkedin.com/jobs/view/business-development-and-partnerships-lead-at-peek-4384706742	Business Development and Partnerships Lead	Business Development and Partnerships Lead	linkedin-auth	2026-04-15	unchecked				light_score:3.50
https://www.linkedin.com/jobs/view/business-development-manager-at-square-4388456890	Business Development Manager	Business Development Manager	linkedin-auth	2026-04-15	unchecked				light_score:3.50
https://www.linkedin.com/jobs/view/senior-business-development-manager-southeast-mid-atlantic-at-airbnb-4388113144	?	Senior Business Development Manager, Southeast & Mid-Atlantic	linkedin-auth	2026-04-15	unchecked				light_score:2.00
https://www.linkedin.com/jobs/view/founding-partnerships-lead-at-mavi-4384149413	Founding Partnerships Lead	Founding Partnerships Lead	linkedin-auth	2026-04-15	unchecked				light_score:3.00
https://www.linkedin.com/jobs/view/head-of-business-development-at-albert-bow-4279882897	Head of Business Development	Head of Business Development	linkedin-auth	2026-04-15	unchecked				light_score:2.50
https://www.linkedin.com/jobs/view/vice-president-partnerships-at-jobgether-4400722381	Vice President, Partnerships	Vice President, Partnerships	linkedin-auth	2026-04-15	unchecked				light_score:2.50
https://www.linkedin.com/jobs/view/vice-president-business-development-and-sales-at-specialty-food-association-4389731473	Vice President, Business Development and Sales	Vice President, Business Development and Sales	linkedin-auth	2026-04-15	unchecked				light_score:1.50
https://www.linkedin.com/jobs/view/strategic-partnerships-manager-at-talently-4393230559	Strategic Partnerships Manager	Strategic Partnerships Manager	linkedin-auth	2026-04-15	unchecked				light_score:3.50
https://www.linkedin.com/jobs/view/business-development-manager-at-temu-4400361271	Business Development Manager	Business Development Manager	linkedin-auth	2026-04-15	unchecked				light_score:3.00
https://www.linkedin.com/jobs/view/vice-president-of-strategic-partnerships-business-development-at-holganix-4393012208	?	Vice President of Strategic Partnerships & Business Development	linkedin-auth	2026-04-15	unchecked				light_score:3.00
https://www.linkedin.com/jobs/view/strategic-partner-manager-at-instacart-4384368092	Strategic Partner Manager	Strategic Partner Manager	linkedin-auth	2026-04-15	unchecked				light_score:3.50
https://www.linkedin.com/jobs/view/director-of-business-development-at-tivly-4388470275	Director of Business Development	Director of Business Development	linkedin-auth	2026-04-15	unchecked				light_score:3.50
https://www.linkedin.com/jobs/view/influencer-marketing-at-haystack-4308245007	Influencer Marketing	Influencer Marketing	linkedin-auth	2026-04-15	unchecked				light_score:3.00
https://www.linkedin.com/jobs/view/vp-of-brand-partnerships-agency-lead-at-mrbeast-4378548001	VP of Brand Partnerships, Agency Lead	VP of Brand Partnerships, Agency Lead	linkedin-auth	2026-04-15	unchecked				light_score:4.00
https://www.linkedin.com/jobs/view/director-influencer-affiliate-business-development-at-gen3-marketing-4400611863	?	Director, Influencer & Affiliate Business Development	linkedin-auth	2026-04-15	unchecked				light_score:3.50
https://www.linkedin.com/jobs/view/influencer-marketing-coordinator-at-later-4392032310	Influencer Marketing Coordinator	Influencer Marketing Coordinator	linkedin-auth	2026-04-15	unchecked				light_score:2.00
https://www.linkedin.com/jobs/view/brand-marketing-specialist-partnerships-affiliate-influencers-%2B-events-pr-at-ka-chava-4402077149	?	Brand Marketing Specialist, Partnerships (Affiliate Influencers + Events/PR)	linkedin-auth	2026-04-15	unchecked				light_score:2.50
https://www.linkedin.com/jobs/view/head-of-creator-partnerships-at-everyday-dose-4374160649	Head of Creator Partnerships	Head of Creator Partnerships	linkedin-auth	2026-04-15	unchecked				light_score:3.50
https://www.linkedin.com/jobs/view/director-influencer-marketing-pr-at-popsockets-4384274803	Director, Influencer Marketing & PR	Director, Influencer Marketing & PR	linkedin-auth	2026-04-15	unchecked				light_score:3.00
https://www.linkedin.com/jobs/view/creator-partnerships-social-commerce-manager-at-beautytap-4377965939	Creator Partnerships & Social Commerce Manager	Creator Partnerships & Social Commerce Manager	linkedin-auth	2026-04-15	unchecked				light_score:3.25
https://www.linkedin.com/jobs/view/partnerships-manager-talent-brand-at-thrivin-4401734071	Partnerships Manager (Talent&Brand)	Partnerships Manager (Talent&Brand)	linkedin-auth	2026-04-15	unchecked				light_score:3.00
https://www.linkedin.com/jobs/view/regulatory-compliance-analyst-at-talent-groups-4401785385	Regulatory Compliance Analyst	Regulatory Compliance Analyst	linkedin-auth	2026-04-15	unchecked				light_score:2.00
https://www.linkedin.com/jobs/view/compliance-analyst-at-medsys-group-4393880245	Compliance Analyst	Compliance Analyst	linkedin-auth	2026-04-15	unchecked				light_score:1.50
https://www.linkedin.com/jobs/view/compliance-analyst-at-old-republic-accident-health-4400797990	Compliance Analyst	Compliance Analyst	linkedin-auth	2026-04-15	unchecked				light_score:1.50
https://www.linkedin.com/jobs/view/aml-regulatory-payroll-risk-compliance-analyst-ii-east-coast-at-the-davis-companies-4401137741	?	AML Regulatory Payroll Risk Compliance Analyst II (East Coast)	linkedin-auth	2026-04-15	unchecked				light_score:1.50
